{"cameraMode":{"drawMode":0,"name":"Shaded","section":"Shading Mode"},"sceneLighting":true,"audioPlay":false,"sceneViewState":{"showFog":true,"showMaterialUpdate":false,"showSkybox":true,"showFlares":true,"showImageEffects":true,"showParticleSystems":true},"in2DMode":false,"pivot":{"x":22.019649505615236,"y":-13.291454315185547,"z":13.95468807220459},"rotation":{"x":0.14238904416561128,"y":0.18647606670856477,"z":-0.027325425297021867,"w":0.9717025756835938},"size":93.95480346679688,"orthographic":false}